{
  "precision": 0.3416666666666666,
  "recall": 0.415,
  "f1": 0.36700000000000005,
  "router_accuracy": 1.0,
  "route_stats": {
    "search_data": 100,
    "llm_fallback": 0,
    "error": 0
  },
  "total": 100
}