{
  "precision": 0.4549999999999999,
  "recall": 0.62,
  "f1": 0.5016666666666666,
  "router_accuracy": 0.82,
  "route_stats": {
    "search_data": 82,
    "llm_fallback": 18,
    "error": 0
  },
  "total": 100
}