{
  "precision": 0.46166666666666667,
  "recall": 0.62,
  "f1": 0.5066666666666666,
  "router_accuracy": 0.83,
  "route_stats": {
    "search_data": 83,
    "llm_fallback": 17,
    "error": 0
  },
  "total": 100
}