{
  "precision": 0.46833333333333327,
  "recall": 0.61,
  "f1": 0.5083333333333333,
  "router_accuracy": 0.82,
  "route_stats": {
    "search_data": 82,
    "llm_fallback": 18,
    "error": 0
  },
  "total": 100
}