{
  "precision": 0.32166666666666666,
  "recall": 0.395,
  "f1": 0.3483333333333333,
  "router_accuracy": 1.0,
  "route_stats": {
    "search_data": 100,
    "llm_fallback": 0,
    "error": 0
  },
  "total": 100
}