{
  "precision": 0.02333333333333333,
  "recall": 0.035,
  "f1": 0.028000000000000004,
  "router_accuracy": 1.0,
  "route_stats": {
    "search_data": 100,
    "llm_fallback": 0,
    "error": 0
  },
  "total": 100
}